idEtud,Nom,Prénom,Sexe,Date de naissance,BAC,Mention,Annee,mail,telephone,S1,S2,S3,S4,Nom +1,Nom +2,Nom +3,Alt +1,Alt + 2,Alt +3
0,GASTON-CARRERE,Vincent,H,14/11/99,STI2D,Bien,2017,abc@gmail.com,$0601020304,Valide,Valide,Valide,Valide,Licence info,Master logiciel,Master logiciel,Non,Non,Non
1,BEN LAKHAL,Sami,H,30/05/98,S,Bien,2017,abc@gmail.com,$0601020304,Valide,Valide,Valide,Valide,Licence info,Master logiciel,Master logiciel,Non,Non,Non
2,BONHEUR,Ezechiel,H,01/01/97,S,Bien,2017,abc@gmail.com,$0601020304,Valide,Valide,Valide,Valide,Licence info,Master logiciel,Master logiciel,Non,Non,Non
3,A,A,H,01/01/80,STMG,Bien,2017,abc@gmail.com,$0601020304,Valide,Valide,Valide,Valide,Licence info,Master logiciel,Master logiciel,Non,Non,Non
4,B,B,H,01/01/80,STI2D,Bien,2017,abc@gmail.com,$0601020304,Valide,Valide,Valide,Valide,Licence info,Master logiciel,Master logiciel,Non,Non,Non
5,C,C,H,01/01/80,S,Bien,2017,abc@gmail.com,$0601020304,Valide,Valide,Valide,Valide,Licence info,Master logiciel,Master logiciel,Non,Non,Non
6,D,D,H,01/01/80,ES,Bien,2017,abc@gmail.com,$0601020304,Valide,Valide,Valide,Valide,Licence info,Master logiciel,Master logiciel,Non,Non,Non
7,E,E,H,01/01/80,S,Bien,2017,abc@gmail.com,$0601020304,Valide,Valide,Valide,Valide,Licence info,Master logiciel,Master logiciel,Non,Non,Non
8,N,N,F,01/01/20,Plomberie,Bien,2017,abc@gmail.com,$0601020304,Valide,Valide,Valide,Valide,Licence info,Master logiciel,Master logiciel,Non,Non,Non
